/*regiao*/

insert into regiao values (1,'Norte',4409872);
insert into regiao values (2,'Centro',1388703);
insert into regiao values (3,'Lisboa',2193414);
insert into regiao values (4,'Alentejo',1070878);
insert into regiao values (5,'Algarve',411468);



/*concelho*/

/*distrito - Aveiro*/
insert into concelho values(1,1,'Agueda',49691);
insert into concelho values(2,1,'Albergaria-a-Velha',25497);
insert into concelho values(3,1,'Anadia',31671);
insert into concelho values(4,1,'Arouca',24019);
insert into concelho values(5,1,'Aveiro',73626);
insert into concelho values(6,1,'Castelo de Paiva',17089);
insert into concelho values(7,1,'Espinho',31703);
insert into concelho values(8,1,'Estarreja',28279);
insert into concelho values(9,1,'ilhavo',39247);
insert into concelho values(10,1,'Mealhada',215);
insert into concelho values(11,1,'Murtosa',9657);
insert into concelho values(12,1,'Oliveira de Azemeis',71243);
insert into concelho values(13,1,'Oliveira do Bairro',22365);
insert into concelho values(14,1,'Ovar',56715);
insert into concelho values(15,1,'Santa Maria da Feira',142295);
insert into concelho values(16,1,'Sao Joao da Madeira',21538);
insert into concelho values(17,1,'Sever do Vouga',1294);
insert into concelho values(18,1,'Vagos',23205);
insert into concelho values(19,1,'Vale de Cambra',24761);

/*distrito - Braga*/
insert into concelho values(20,1,'Amares',1929);
insert into concelho values(21,1,'Barcelos',123831);
insert into concelho values(22,1,'Braga',181819);
insert into concelho values(23,1,'Cabeceiras de Basto',17775);
insert into concelho values(24,1,'Celorico de Basto',20128);
insert into concelho values(25,1,'Esposende',34625);
insert into concelho values(26,1,'Fafe',53528);
insert into concelho values(27,1,'Guimaraes',161876);
insert into concelho values(28,1,'Povoa de Lanhoso',23657);
insert into concelho values(29,1,'Terras de Bouro',7955);
insert into concelho values(30,1,'Vieira do Minho',14474);
insert into concelho values(31,1,'Vila Nova de Famalicao',13169);
insert into concelho values(32,1,'Vila Verde',48122);
insert into concelho values(33,1,'Vizela',23528);


/*distrito - Braganca*/
insert into concelho values(34,1,'Alfandega da Fe',5688);
insert into concelho values(35,1,'Braganca',34774);
insert into concelho values(36,1,'Carrazeda de Ansiaes',722);
insert into concelho values(37,1,'Freixo de Espada à Cinta',4014);
insert into concelho values(38,1,'Macedo de Cavaleiros',1721);
insert into concelho values(39,1,'Miranda do Douro',7707);
insert into concelho values(40,1,'Mirandela',2578);
insert into concelho values(41,1,'Mogadouro',10792);
insert into concelho values(42,1,'Torre de Moncorvo',9408);
insert into concelho values(43,1,'Vila Flor',7737);
insert into concelho values(44,1,'Vimioso',5105);
insert into concelho values(45,1,'Vinhais',10051);

/*distrito - Castelo Branco*/
insert into concelho values(46,1,'Belmonte',7662);
insert into concelho values(47,1,'Castelo Branco',55034);
insert into concelho values(48,1,'Covilha',53501);
insert into concelho values(49,1,'Fundao',31297);
insert into concelho values(50,1,'Idanha-a-Nova',10929);
insert into concelho values(51,1,'Oleiros',6212);
insert into concelho values(52,1,'Penamacor',616);
insert into concelho values(53,1,'Proenca-a-Nova',961);
insert into concelho values(54,1,'Serta',16208);
insert into concelho values(55,1,'Vila de Rei',3354);
insert into concelho values(56,1,'Vila Velha de Rodao',3802);

/*distrito - Guarda*/
insert into concelho values(57,1,'Aguiar da Beira',627);
insert into concelho values(58,1,'Almeida',7784);
insert into concelho values(59,1,'Celorico da Beira',8752);
insert into concelho values(60,1,'Figueira de Castelo Rodrigo',6884);
insert into concelho values(61,1,'Fornos de Algodres',5435);
insert into concelho values(62,1,'Gouveia',15792);
insert into concelho values(63,1,'Guarda',44149);
insert into concelho values(64,1,'Manteigas',39);
insert into concelho values(65,1,'Mêda',6);
insert into concelho values(66,1,'Pinhel',10436);
insert into concelho values(67,1,'Sabugal',14222);
insert into concelho values(68,1,'Seia',27574);
insert into concelho values(69,1,'Trancoso',10639);
insert into concelho values(70,1,'Vila Nova de Foz Côa',8249);

/*distrito - Porto*/
insert into concelho values(71,1,'Amarante',61029);
insert into concelho values(72,1,'Baiao',21564);
insert into concelho values(73,1,'Felgueiras',58553);
insert into concelho values(74,1,'Gondomar',169239);
insert into concelho values(75,1,'Lousada',46322);
insert into concelho values(76,1,'Maia',130254);
insert into concelho values(77,1,'Marco de Canaveses',53961);
insert into concelho values(78,1,'Matosinhos',168451);
insert into concelho values(79,1,'Pacos de Ferreira',54801);
insert into concelho values(80,1,'Paredes',85428);
insert into concelho values(81,1,'Penafiel',72095);
insert into concelho values(82,1,'Porto',238954);
insert into concelho values(83,1,'Povoa de Varzim',65452);
insert into concelho values(84,1,'Santo Tirso',71623);
insert into concelho values(85,1,'Trofa',39166);
insert into concelho values(86,1,'Valongo',91274);
insert into concelho values(87,1,'Vila do Conde',75981);
insert into concelho values(88,1,'Vila Nova de Gaia',300868);

/*distrito - Viana do Castelo*/
insert into concelho values(89,1,'Arcos de Valdevez',24635);
insert into concelho values(90,1,'Caminha',16926);
insert into concelho values(91,1,'Melgaco',9739);
insert into concelho values(92,1,'Moncao',19842);
insert into concelho values(93,1,'Paredes de Coura',9409);
insert into concelho values(94,1,'Ponte da Barca',13026);
insert into concelho values(95,1,'Ponte de Lima',44609);
insert into concelho values(96,1,'Valenca',14284);
insert into concelho values(97,1,'Viana do Castelo',90654);
insert into concelho values(98,1,'Vila Nova de Cerveira',8813);

/*distrito - Vila Real*/
insert into concelho values(99,1,'Alijo',13942);
insert into concelho values(100,1,'Boticas',6116);
insert into concelho values(101,1,'Chaves',44186);
insert into concelho values(102,1,'Mesao Frio',4652);
insert into concelho values(103,1,'Mondim de Basto',847);
insert into concelho values(104,1,'Montalegre',1215);
insert into concelho values(105,1,'Murca',6476);
insert into concelho values(106,1,'Peso da Regua',17987);
insert into concelho values(107,1,'Ribeira de Pena',7251);
insert into concelho values(108,1,'Sabrosa',6835);
insert into concelho values(109,1,'Santa Marta de Penaguiao',84);
insert into concelho values(110,1,'Valpacos',19154);
insert into concelho values(111,1,'Vila Pouca de Aguiar',151);
insert into concelho values(112,1,'Vila Real',50499);

/*distrito - Viseu*/
insert into concelho values(113,1,'Armamar',7318);
insert into concelho values(114,1,'Carregal do Sal',10555);
insert into concelho values(115,1,'Castro Daire',16846);
insert into concelho values(116,1,'Cinfaes',21318);
insert into concelho values(117,1,'Lamego',27054);
insert into concelho values(118,1,'Mangualde',21158);
insert into concelho values(119,1,'Moimenta da Beira',11053);
insert into concelho values(120,1,'Mortagua',10365);
insert into concelho values(121,1,'Nelas',14504);
insert into concelho values(122,1,'Oliveira de Frades',10597);
insert into concelho values(123,1,'Penalva do Castelo',8768);
insert into concelho values(124,1,'Penedono',3378);
insert into concelho values(125,1,'Resende',11978);
insert into concelho values(126,1,'Santa Comba Dao',12393);
insert into concelho values(127,1,'Sao Joao da Pesqueira',8367);
insert into concelho values(128,1,'Sao Pedro do Sul',19215);
insert into concelho values(129,1,'Satao',13419);
insert into concelho values(130,1,'Sernancelhe',615);
insert into concelho values(131,1,'Tabuaco',6501);
insert into concelho values(132,1,'Tarouca',8303);
insert into concelho values(133,1,'Tondela',31026);
insert into concelho values(134,1,'Vila Nova de Paiva',6319);
insert into concelho values(135,1,'Viseu',9681);
insert into concelho values(136,1,'Vouzela',11807);

/*distrito - Coimbra*/
insert into concelho values(1,2,'Arganil',13187);
insert into concelho values(2,2,'Cantanhede',3859);
insert into concelho values(3,2,'Coimbra',142408);
insert into concelho values(4,2,'Condeixa-a-Nova',16459);
insert into concelho values(5,2,'Figueira da Foz',63144);
insert into concelho values(6,2,'Gois',4606);
insert into concelho values(7,2,'Lousa',17252);
insert into concelho values(8,2,'Mira',13146);
insert into concelho values(9,2,'Miranda do Corvo',134);
insert into concelho values(10,2,'Montemor-o-Velho',25084);
insert into concelho values(11,2,'Oliveira do Hospital',21901);
insert into concelho values(12,2,'Pampilhosa da Serra',4756);
insert into concelho values(13,2,'Penacova',1685);
insert into concelho values(14,2,'Penela',6421);
insert into concelho values(15,2,'Soure',20695);
insert into concelho values(16,2,'Tabua',12452);
insert into concelho values(17,2,'Vila Nova de Poiares',7291);

/*distrito - Leiria*/
insert into concelho values(18,2,'Alcobaca',55269);
insert into concelho values(19,2,'Alvaiazere',8112);
insert into concelho values(20,2,'Ansiao',13673);
insert into concelho values(21,2,'Batalha',15542);
insert into concelho values(22,2,'Bombarral',13712);
insert into concelho values(23,2,'Caldas da Rainha',51403);
insert into concelho values(24,2,'Castanheira de Pera',3464);
insert into concelho values(25,2,'Figueiro dos Vinhos',708);
insert into concelho values(26,2,'Leiria',124701);
insert into concelho values(27,2,'Marinha Grande',3803);
insert into concelho values(28,2,'Nazare',14904);
insert into concelho values(29,2,'obidos',11187);
insert into concelho values(30,2,'Pedrogao Grande',4262);
insert into concelho values(31,2,'Peniche',28164);
insert into concelho values(32,2,'Pombal',58617);
insert into concelho values(33,2,'Porto de Mos',24775);

/*distrito - Portalegre*/
insert into concelho values(34,2,'Alter do Chao',3666);
insert into concelho values(35,2,'Arronches',3278);
insert into concelho values(36,2,'Avis',5054);
insert into concelho values(37,2,'Campo Maior',8359);
insert into concelho values(38,2,'Castelo de Vide',378);
insert into concelho values(39,2,'Crato',3995);
insert into concelho values(40,2,'Elvas',22691);
insert into concelho values(41,2,'Fronteira',3422);
insert into concelho values(42,2,'Gaviao',4453);
insert into concelho values(43,2,'Marvao',3739);
insert into concelho values(44,2,'Monforte',3241);
insert into concelho values(45,2,'Nisa',8047);
insert into concelho values(46,2,'Ponte de Sor',17593);
insert into concelho values(47,2,'Portalegre',24756);
insert into concelho values(48,2,'Sousel',5579);

/*distrito - Santarem*/
insert into concelho values(49,2,'Abrantes',41326);
insert into concelho values(50,2,'Alcanena',14763);
insert into concelho values(51,2,'Almeirim',22617);
insert into concelho values(52,2,'Alpiarca',8198);
insert into concelho values(53,2,'Benavente',25837);
insert into concelho values(54,2,'Cartaxo',24465);
insert into concelho values(55,2,'Chamusca',11313);
insert into concelho values(56,2,'Constancia',3796);
insert into concelho values(57,2,'Coruche',20629);
insert into concelho values(58,2,'Entroncamento',20065);
insert into concelho values(59,2,'Ferreira do Zêzere',9345);
insert into concelho values(60,2,'Golega',5629);
insert into concelho values(61,2,'Macao',7763);
insert into concelho values(62,2,'Ourem',49269);
insert into concelho values(63,2,'Rio Maior',21621);
insert into concelho values(64,2,'Salvaterra de Magos',20908);
insert into concelho values(65,2,'Santarem',64124);
insert into concelho values(66,2,'Sardoal',3992);
insert into concelho values(67,2,'Tomar',42983);
insert into concelho values(68,2,'Torres Novas',37155);
insert into concelho values(69,2,'Vila Nova da Barquinha',7878);

/*distrito - Lisboa*/
insert into concelho values(1,3,'Alenquer',42932);
insert into concelho values(2,3,'Amadora',176239);
insert into concelho values(3,3,'Arruda dos Vinhos',1121);
insert into concelho values(4,3,'Azambuja',21508);
insert into concelho values(5,3,'Cadaval',14385);
insert into concelho values(6,3,'Cascais',181444);
insert into concelho values(7,3,'Lisbon',529485);
insert into concelho values(8,3,'Loures',199231);
insert into concelho values(9,3,'Lourinha',24601);
insert into concelho values(10,3,'Mafra',62009);
insert into concelho values(11,3,'Odivelas',143995);
insert into concelho values(12,3,'Oeiras',168475);
insert into concelho values(13,3,'Sintra',409482);
insert into concelho values(14,3,'Sobral de Monte Agraco',9789);
insert into concelho values(15,3,'Torres Vedras',75494);
insert into concelho values(16,3,'Vila Franca de Xira',133224);

/*distrito - Beja*/
insert into concelho values(1,4,'Aljustrel',994);
insert into concelho values(2,4,'Almodôvar',765);
insert into concelho values(3,4,'Alvito',2708);
insert into concelho values(4,4,'Barrancos',1825);
insert into concelho values(5,4,'Beja',3497);
insert into concelho values(6,4,'Castro Verde',7702);
insert into concelho values(7,4,'Cuba',4775);
insert into concelho values(8,4,'Ferreira do Alentejo',8505);
insert into concelho values(9,4,'Mertola',7996);
insert into concelho values(10,4,'Moura',16411);
insert into concelho values(11,4,'Odemira',25738);
insert into concelho values(12,4,'Ourique',5842);
insert into concelho values(13,4,'Serpa',16178);
insert into concelho values(14,4,'Vidigueira',6019);

/*distrito - Evora*/
insert into concelho values(15,4,'Alandroal',6293);
insert into concelho values(16,4,'Arraiolos',7382);
insert into concelho values(17,4,'Borba',7545);
insert into concelho values(18,4,'Estremoz',15064);
insert into concelho values(19,4,'evora',55619);
insert into concelho values(20,4,'Montemor-o-Novo',1854);
insert into concelho values(21,4,'Mora',547);
insert into concelho values(22,4,'Mourao',3348);
insert into concelho values(23,4,'Portel',7078);
insert into concelho values(24,4,'Redondo',699);
insert into concelho values(25,4,'Reguengos de Monsaraz',1146);
insert into concelho values(26,4,'Vendas Novas',11957);
insert into concelho values(27,4,'Viana do Alentejo',5639);
insert into concelho values(28,4,'Vila Vicosa',8745);

/*distrito - Setubal*/
insert into concelho values(29,4,'Alcacer do Sal',13624);
insert into concelho values(30,4,'Alcochete',14966);
insert into concelho values(31,4,'Almada',165363);
insert into concelho values(32,4,'Barreiro',78992);
insert into concelho values(33,4,'Grandola',14454);
insert into concelho values(34,4,'Moita',70226);
insert into concelho values(35,4,'Montijo',40466);
insert into concelho values(36,4,'Palmela',58222);
insert into concelho values(37,4,'Santiago do Cacem',30203);
insert into concelho values(38,4,'Seixal',164715);
insert into concelho values(39,4,'Sesimbra',44046);
insert into concelho values(40,4,'Setubal',120117);
insert into concelho values(41,4,'Sines',13613);

/*distrito Faro*/
insert into concelho values(1,5,'Albufeira',35281);
insert into concelho values(2,5,'Alcoutim',3411);
insert into concelho values(3,5,'Aljezur',5322);
insert into concelho values(4,5,'Castro Marim',6495);
insert into concelho values(5,5,'Faro',58305);
insert into concelho values(6,5,'Lagoa',22658);
insert into concelho values(7,5,'Lagos',27041);
insert into concelho values(8,5,'Loule',62295);
insert into concelho values(9,5,'Monchique',6441);
insert into concelho values(10,5,'Olhao',42272);
insert into concelho values(11,5,'Portimao',47189);
insert into concelho values(12,5,'Sao Bras de Alportel',11205);
insert into concelho values(13,5,'Silves',34909);
insert into concelho values(14,5,'Tavira',25105);
insert into concelho values(15,5,'Vila do Bispo',5381);
insert into concelho values(16,5,'Vila Real de Santo Antonio',18158);



/*instituicao*/
insert into instituicao values ('Farmacia Nova de Agueda','farmacia', 1, 1);
insert into instituicao values ('Farmacia Natario','farmacia', 2, 10);
insert into instituicao values ('Farmacia Nuno Alvares','farmacia', 2, 10);
insert into instituicao values ('Farmacia Gomes de Pinho','farmacia', 1, 4);
insert into instituicao values ('Farmacia Santo Antonio','farmacia', 1, 4);
insert into instituicao values ('Lecifarma','laboratorio', 3, 8);
insert into instituicao values ('Materarma','laboratorio', 1, 82);
insert into instituicao values ('Clinica dr.Alberto Lopes','clinica', 5, 1);
insert into instituicao values ('Clinica parque das Nacoes','clinica', 3, 7);
insert into instituicao values ('Hospital Garcia de Orta','hospital', 4, 31);
insert into instituicao values ('Hospital de Santa Maria','hospital', 3, 7);
insert into instituicao values ('Centro de Saude de Arouca','hospital', 1, 4);


/*medico*/
insert into medico values (1,'Carolina','Anatomia Patologica');
insert into medico values (2,'Joao','Anestesiologia');
insert into medico values (3,'Miguel','Angiologia e Cirurgia Vascular');
insert into medico values (4,'Sofia','Cardiologia');
insert into medico values (5,'Helena','Cardiologia Pediátrica');
insert into medico values (6,'Bernardo','Cirurgia Cardíaca');
insert into medico values (7,'Valentina','Cirurgia Cardiotorácica');
insert into medico values (8,'Heitor','Cirurgia Geral');
insert into medico values (9,'Laura','Cirurgia Maxilofacial');
insert into medico values (10,'David','Cirurgia Pediatrica');
insert into medico values (11,'Isabela','Cirurgia Plastica Reconstrutiva e Estetica');
insert into medico values (12,'Pedro','Cirurgia Toracica');
insert into medico values (13,'Luiza','Dermatovenereologia');
insert into medico values (14,'Gabriel','Doenças Infecciosas');
insert into medico values (15,'Mateus','Endocrinologia e Nutricao');
insert into medico values (16,'Lucas','Estomatologia');
insert into medico values (17,'Olivia','Gastrenterologia');
insert into medico values (18,'Joana','Genetica Medica');
insert into medico values (19,'Maria','Ginecologia/Obstetricia');
insert into medico values (20,'Guilherme','Imunoalergologia');
insert into medico values (21,'Alice','Imuno-hemoterapia');
insert into medico values (22,'Artur','Farmacologia Clinica');
insert into medico values (23,'Beatriz','Hematologia Clinica');
insert into medico values (24,'Rafael','Medicina Desportiva');
insert into medico values (25,'Joaquim','Medicina do Trabalho');
insert into medico values (26,'Arnaldo','Medicina Fisica e Reabilitacao');
insert into medico values (27,'Gustavo','Medicina Geral e Familiar');
insert into medico values (28,'Mariana','Medicina Intensiva');
insert into medico values (29,'Ana','Medicina Interna');
insert into medico values (30,'Felipe','Medicina Legal');
insert into medico values (31,'Daniel','Medicina Nuclear');
insert into medico values (32,'Leonardo','Medicina Tropical');
insert into medico values (33,'Eduardo','Nefrologia');
insert into medico values (34,'Sara','Neurocirurgia');
insert into medico values (35,'Rafaela','Neurologia');
insert into medico values (36,'Victor','Neurorradiologia');
insert into medico values (37,'Nicole','Oftalmologia');
insert into medico values (38,'Antonio','Oncologia Medica');
insert into medico values (39,'Alicia','Ortopedia');
insert into medico values (40,'Gabriela','Otorrinolaringologia');
insert into medico values (41,'Jessica','Patologia Clinica');
insert into medico values (42,'Danilo','Pediatria');
insert into medico values (43,'Diogo','Pneumologia');
insert into medico values (44,'Tiago','Psiquiatria');
insert into medico values (45,'Raul','Psiquiatria da Infancia e da Adolescencia');
insert into medico values (46,'Isabel','Radiologia');
insert into medico values (47,'Jose','Radioncologia');
insert into medico values (48,'Rui','Reumatologia');
insert into medico values (49,'Anastacio','Saúde Publica');
insert into medico values (50,'Gertrudes','Urologia');
insert into medico values (51,'Jucefina','Medicina Geral e Familiar');
insert into medico values (52,'Maria Albertina','Medicina Geral e Familiar');
insert into medico values (53,'Ambrosio','Cirurgia Geral');



/*consulta*/
insert into consulta values (53,1, '2020-10-9','Clinica dr.Alberto Lopes');
insert into consulta values (50,2, '2020-10-15','Clinica parque das Nacoes');
insert into consulta values (3,3, '2020-10-30','Hospital Garcia de Orta');
insert into consulta values (5,4, '2020-11-13','Hospital de Santa Maria');
insert into consulta values (53,5, '2020-11-18','Clinica dr.Alberto Lopes');
insert into consulta values (53,1, '2020-11-20','Clinica dr.Alberto Lopes');
insert into consulta values (44,6, '2019-1-18','Clinica dr.Alberto Lopes');
insert into consulta values (39,8, '2019-2-18','Clinica dr.Alberto Lopes');
insert into consulta values (44,7, '2019-3-22','Clinica dr.Alberto Lopes');
insert into consulta values (51,9, '2019-1-18','Centro de Saude de Arouca');
insert into consulta values (52,10, '2020-1-20','Centro de Saude de Arouca');
insert into consulta values (27,11, '2020-2-21','Centro de Saude de Arouca');
insert into consulta values (51, 12, '2020-2-25','Centro de Saude de Arouca');
insert into consulta values (52, 13, '2020-3-2','Centro de Saude de Arouca');
insert into consulta values (52, 14, '2020-3-3','Centro de Saude de Arouca');


/*prescricao*/
insert into prescricao values (53, 1, '2020-10-9', 'Penicilina mg', 4);
insert into prescricao values (3, 3, '2020-10-30', 'Propranolol mg', 10);
insert into prescricao values (5, 4, '2020-11-13', 'Victan mg', 6);
insert into prescricao values (53, 5, '2020-11-18', 'Diazepam mg', 5);
insert into prescricao values (44, 6, '2019-1-18', 'Victan mg', 6);
insert into prescricao values (39, 8, '2019-2-18', 'Victan mg', 6);
insert into prescricao values (44, 7, '2019-3-22', 'Victan mg', 6);
insert into prescricao values (51, 9, '2019-1-18', 'Aspirina mg', 100);
insert into prescricao values (52, 10, '2020-1-20', 'Aspirina mg', 100);
insert into prescricao values (51, 12, '2020-2-25', 'Aspirina mg', 100);
insert into prescricao values (52, 13, '2020-3-2', 'Aspirina mg', 100);
insert into prescricao values (52, 14, '2020-3-3', 'Aspirina mg', 100);


/*analise*/
insert into analise values (1,'Angiologia e Cirurgia Vascular',3,3,'2020-10-30','2020-10-31','bpm',60,'Hospital Garcia de Orta');
insert into analise values (2,'Angiologia e Cirurgia Vascular',3,3,'2020-10-30','2020-10-31','maximo tensao arterial',160,'Hospital Garcia de Orta');
insert into analise values (3,'Angiologia e Cirurgia Vascular',3,3,'2020-10-30','2020-10-31','minimo tensao arterial',100,'Hospital Garcia de Orta');
insert into analise values (4,'Angiologia e Cirurgia Vascular',53,1,'2020-11-20','2020-11-20','altura cm',175,'Clinica dr.Alberto Lopes');
insert into analise values (5,'Angiologia e Cirurgia Vascular',53,1,'2020-11-20','2020-11-20','peso kg',70,'Clinica dr.Alberto Lopes');
insert into analise values (6,'Angiologia e Cirurgia Vascular',53,5,'2020-11-18','2020-11-21','peso kg',80,'Clinica dr.Alberto Lopes');


/*venda_farmacia*/
insert into venda_farmacia values (1, '2020-01-05', 'Fenistil mg', 1, 9,'Farmacia Nova de Agueda');
insert into venda_farmacia values (2, '2020-10-10', 'Paracetamol mg', 2, 5,'Farmacia Nova de Agueda');
insert into venda_farmacia values (3, '2020-10-15', 'Cegripe mg', 1, 7,'Farmacia Nova de Agueda');
insert into venda_farmacia values (4, '2020-10-15', 'Griponal mg', 2, 8,'Farmacia Nuno Alvares');
insert into venda_farmacia values (5, '2020-10-19', 'Voltaren mg', 1, 13,'Farmacia Nuno Alvares');
insert into venda_farmacia values (6, '2020-11-13', 'Victan mg', 1, 20,'Farmacia Nuno Alvares');
insert into venda_farmacia values (7, '2020-11-18', 'Diazepam mg', 1, 3,'Farmacia Nova de Agueda');
insert into venda_farmacia values (8, '2020-10-30', 'Propranolol mg', 1, 15,'Farmacia Nova de Agueda');
insert into venda_farmacia values (9, '2020-10-9', 'Penicilina mg', 1, 20,'Farmacia Nova de Agueda');
insert into venda_farmacia values (10, '2020-10-10', 'Aspirina mg', 1, 5,'Farmacia Nova de Agueda');
insert into venda_farmacia values (11, '2020-10-10', 'Naso Dril mg', 1, 13,'Farmacia Nuno Alvares');
insert into venda_farmacia values (12, '2020-10-10', 'Trifen mg', 1, 4,'Farmacia Natario');
insert into venda_farmacia values (13, '2019-1-18', 'Aspirina mg', 1, 6,'Farmacia Gomes de Pinho');
insert into venda_farmacia values (14, '2020-1-20', 'Aspirina mg', 1, 6,'Farmacia Gomes de Pinho');
insert into venda_farmacia values (15, '2020-2-25', 'Aspirina mg', 2, 6,'Farmacia Gomes de Pinho');
insert into venda_farmacia values (16, '2020-3-2', 'Aspirina mg', 1, 6,'Farmacia Santo Antonio');
insert into venda_farmacia values (17, '2020-11-19', 'Paracetamol mg', 1, 6,'Farmacia Santo Antonio');

/*prescricao_venda*/
insert into prescricao_venda values (53, 1, '2020-10-9', 'Penicilina mg', 9);
insert into prescricao_venda values (3, 3, '2020-10-30', 'Propranolol mg', 8);
insert into prescricao_venda values (5, 4, '2020-11-13', 'Victan mg', 6);
insert into prescricao_venda values (53, 5, '2020-11-18', 'Diazepam mg', 7);
insert into prescricao_venda values (51, 9, '2019-1-18', 'Aspirina mg', 13);
insert into prescricao_venda values (52, 10, '2020-1-20', 'Aspirina mg', 14);
insert into prescricao_venda values (51, 12, '2020-2-25', 'Aspirina mg', 15);
insert into prescricao_venda values (52, 13, '2020-3-2', 'Aspirina mg', 16);
